path,size,sha256
app-overlay/config/sse_asgi.py,833,B3402CD58DDBA7A86FA4927FD3C0393EB8A624332C9F1D4E2668A036ADF4F124
app-overlay/config/sse_event_loop_lag.py,1767,D0EAAA4EED8679BE3160F2AE41497B9A7BD2E1625831B718989E6E95A008AB23
app-overlay/users/management/commands/seed_sse_qa.py,19818,20F1F882BB67DC2B64BD223C0083B05ED1DEB45EB32CF99509BA6F296301BFBB
app-overlay/users/test_sse_qa_seed.py,8720,69C351FA79323136D3E264FB20762BA2B45E67804E20A7C914C34A3A2E16B16C
config/app.env.template,1001,3C3306EC26103B55510B589E1820F5E20A38E95F08B56B80E2DB369C06F84BCE
config/logrotate/sse-qa,342,937EADB4ED7170EDB36DF254B2998D39CA8395373B207F52F9DD8DEE9A6C8145
config/nginx/sse-qa.conf.template,1902,86F81D478041B79FFB1A12DF88E82F3B6EDD72959BEE9645E1805F35C32724AB
config/postgresql/pg_hba.conf,403,13CFB9AA214058157D84BE0C209E62E26D55E4AB7A2027D97D07FDFD77A7B843
config/postgresql/postgresql.conf,749,F4426CAC10F21EF03D4A488C84FB79E5E173FFCD4364A72BBBB4A8FFF481F99F
config/redis/redis.acl.template,175,4B0E355371B6B38DFBDC200B211489EDAB790E0073D9BFB194FE5C38C6A127B5
config/redis/redis.conf.template,340,CAD64EA75DE3909470E26CEC59F3BF9AF05741C9F5803EFCFBA74798798663F5
config/systemd/postgresql@16-sseqa.service.d/qa-limits.conf,288,51781C96149AA1FE8EE58B3AC4F594F87A951A6ACBC8678C609BE62C6C004CD7
config/systemd/redis-sse-qa.service,708,A7533B0FC0A7CB32B42E9FCFCDE64B80EDAB5DA4590385068600045E8F51962C
config/systemd/srv-sse-x2dqa.mount,285,57AF65D9043800FCE2B4BCF9F81681C411218E403C69BD7C0A5C60BFA2FDEF1D
config/systemd/sse-qa-asgi.service,948,54B89098D8E7C7644805A0CF01D37C5BA88B212404D7FF467C81FD9D62308228
config/systemd/sse-qa-reconcile.service,871,A36A9A50311CA3DA56C8A272827C3E9A053D18535BD117DE53EB05E93165EC37
config/systemd/sse-qa-wsgi.service,1061,79603014DA40FA88AE829735DF0B025E009787D55A6525681E09C12077E61EBB
config/systemd/sse-qa.slice,317,EDAFEE52976583FAF5C5F323CCFDBDE6D9162D2F0CB5839A85BF1C5653BBF40F
config/systemd/sse-qa.target,193,CECE37F114C05FDFB1D7757F256B75E5590BB78BF5C933278090FCF1929405C2
DISPOSABLE_LINUX_RUN.md,9829,57C5209CF850F4B7DAEC8DD08E85E8A292D842797C4E3947BBB0064E91E8CB8C
evidence/COMMANDS_AND_RESULTS.md,5611,05A1DF704257521EABA38A6AE4D92A176BCBE897E387E2A84BD9B9D067AA8024
evidence/diff-check.log,535,3B8C784E5D711D6E7AB2F0BE31C2E59C90129C255193C1E677450C76CBF3360D
evidence/input/SSE_QA_install_review_for_Codex.md,15121,149541A9E8AB18E233C8864E7D4ADC8F8BBA1D2FE4084222FC6C89856A984D6A
evidence/input/SSE_QA_R2_review_for_Codex.md,15095,E453272D5E4D10AAA397D6273DDF22D6A317F5261FCC65998CC07F1C0ADDCB6F
evidence/input/SSE_QA_R3_review_for_Codex.md,7728,C9A35B9E354A472D882864532FDB1EF8E70C26AE8464AAAAFA32F513A4F52DD1
evidence/input/SSE_QA_R4_review_and_next_step.md,5469,04D4963E60DE7DBADA415C35E31E9AC8A0CC47648B109063AF110D84EBA47472
evidence/input/SSE_QA_workflow_R2_review_and_run_permission.md,7099,E1754161467C8058E0DBAC199F425DEE7C8368982FC8BFC6E1ED1F2DFBABE943
evidence/LIMITATIONS.md,3377,DF2696DE05F6B6897F50F54FB8151663D0724046A0877839E77EB0E25D0B32BF
evidence/local-tests-r2.log,10673,4E6B86DAAFC42FB52AB4CE53C5224383C68E05A1995FC243336ED8E91F1E8E28
evidence/local-tests.log,9410,BF160BA9BAD8C4ED0FF1E4A8FC3BB6114F53881998D110ED3E5C24D71E86460A
evidence/qa2-existing-contract.stderr.log,275,643A28448924D14FAEACF2DCE3536BB4D4C9C7CFB08BC9127DC061C00A3FC96D
evidence/qa2-package-tests.stderr.log,705,8A0E01F2076A4DF1B0390EDB174F4649846A259F882C52E530CA444D301274A2
evidence/qa2-runtime-behavior.stderr.log,204,320CD352223F29310ACDE23FA8B9EF5B5DDB89C52B67A3705394B36F4777F460
evidence/qa2-runtime-behavior.stdout.log,67,478EA4421F61E6526E906F47FCA66B98806FC46AB7A1D432BCC3AC1CB594EB10
evidence/r3-codeql/candidate-remote-ref-query.txt,158,EE19FBF9063DBC6302E3C0B27D1FC13E417ABAC1A322B91D687C2D2EE06A15BC
evidence/r3-codeql/codeql-analysis-run.json,11614,FCFF62B574323E7E06B54E967B1B81252E48925DB6CC0096D5F44FE3E6420BF3
evidence/r3-codeql/codeql-annotations.json,3278,033BEDA622D1D329E876060A4F02AAF3EF6861345455882A5E31E59EC7EC2C1E
evidence/r3-codeql/codeql-check-run.json,5702,3829598D840477F66ED0607635F433577FFAC658965CDA4C60CBE4E3E77834F0
evidence/r3-codeql/default-branch-workflows-before-merge.json,10302,95BEBC342916E5A2E525719B58F64C7EDA8C694E773333E48C1B3B222EB3696D
evidence/r3-codeql/dispatch-runs-query.json,78,7C2DDCCEAEC4958BC838EDF55E19E0203C4F08D9DA5F8C7FDDE1F84B3EF7A044
evidence/r3-codeql/full-package-tests.exit.txt,13,A9F58776A09B5DAC438049683F24BF85764E0FF8E7455952456165C68C158627
evidence/r3-codeql/full-package-tests.log,22294,12D9D99BFDCF1EE2EF5BBA69B651FE338F160C22C78B95CFF0A25E901663D8C5
evidence/r3-codeql/permission-sha256.txt,390,1A51C9C76D5B552A0C74528C2E0B8FCBA0673294D224F48707151A86835273C4
evidence/r3-codeql/pr-118.json,3932,FB526926897A8FC27B0F5FE8859A5525FA1E7ABDD8561F46E22760124137D591
evidence/r3-codeql/prep-worktree-status.txt,164,90B53029B05DCD1DEB2EBE6222B90E11FE8CD83F700B7B273D9F92EEFFB1AE45
evidence/r3-codeql/registration-remote-ref.json,916,D507818740BE20530E898AE690AA6FBD8E02B0DEF6DA69B492F93AED59124A92
evidence/r3-codeql/REPORT.md,2756,2962B05C11F2ECDC8EA3919F486D8C6F9B5A4487E93240F2D57EA5397BB11781
evidence/r3-codeql/targeted-workflow-tests.exit.txt,13,A9F58776A09B5DAC438049683F24BF85764E0FF8E7455952456165C68C158627
evidence/r3-codeql/targeted-workflow-tests.log,3864,73CA47922E1B4F23A07F7FAB2BC8C503324D764D269707EF4B202742BF1FF5EE
evidence/r3-codeql/workflow-r2-to-r3.patch,3808,9625853CCEDF5F30A46BFB9BD1E93BAD838B33B344542CA9AC17470755CAA2FA
evidence/r3-codeql/yaml-bash-validation.exit.txt,13,A9F58776A09B5DAC438049683F24BF85764E0FF8E7455952456165C68C158627
evidence/r3-codeql/yaml-bash-validation.log,78,5A9BEBD2BD5B09A045A04D62F46D207E979B5A2A6812594CC544DCAC356E200B
evidence/release-protocol.log,6240,D3962D41992C3A38FAA8E32B86DE2E1C2B233060B738D45E116CC3782F4CDADB
evidence/runtime-build.log,281,739082C673590DE90D3F45ED537C9A44F1438B6AD9A8D2DFAEBD41FE22390B3C
evidence/workflow-local-validation-r2.log,185,06B96EBF55A8D68FA944901E927C361DA5C59BF11E65FE6DC11527545619EF00
evidence/workflow-local-validation.log,185,B37E8A0CB391E7A5DB4F4805FE6E8693533089585CCC80ABB634629955A766C9
evidence/workflow-r2-targeted.log,1457,EE72AEACB0E7B623038B0B82D768DFB57E4082B58AC4060AD87C13905594EAE0
FIRST_RUN_PLAN.md,2792,AECD72F664147C0E03819C95988F0AB273EC617148F9BB90A715E8DB89DA7A8F
generated/runtime.sha256,81,BDDBC2DB3CCA1B6DD167DB5E48B390F57F1EAA5D699AE189CBDB2366438A6542
generated/runtime.tar.gz,50970189,286E1B15AF70271EAC98DAC7D806423AF48E38665B858E6A0BBFCAF403D7433D
github-actions/control-channel.patch,29384,DC4E2FEA16BDF6C112439E265439C5A62F79754A6B22153FC969280BA667DFA3
github-actions/source-overlay/.github/deploy/build_release.py,13387,0591AA8F8A6C20FBF5832F8C076A8D8B2A2CE30D1175AC353C753437739D2D60
github-actions/source-overlay/.github/deploy/test_release_protocol.py,49262,920B86289BF8C0F3B4B23B607D20067B8730FE8EF3ABA2F13A6F6FCB4BA11C57
github-actions/source-overlay/.github/workflows/production-deploy.yml,24126,12C87DFF1C3788E958CA49C7415997523C343921E659BAC21F052261581960CB
github-actions/source-overlay/deployment/server/accounting_github_deploy_receiver.py,123526,03150D2C0318CABE2D09A487A7A6D2A35C16E66D4D64739B6798EC49027D791C
github-actions/sse-qa-disposable-linux.yml,24267,43AEC44C6916F110680EA20A8EB7A0973B2AD8D9CCFB6C378B8746F3BE01D421
INSTALL_AND_ROLLBACK.md,8634,AD916F3A045FE94E446225073D1B731BDC9546DA35E99E096F23F95D79018C29
POSTGRESQL_ISOLATION.md,1631,4EA26686395ACB63634DDBF8BC5C4290ACE54AEB677B0FD29034C1A7A290368E
PREFLIGHT_AND_CONFLICTS.md,3907,A2F6B3EE57748DE05076428B51025D48659026D5F2FE667B6B0DB582628DC326
README.md,5443,84E67B6390817A9588D010B58FA412834D71571D89D9216FC292D0FA2A4EB1C6
REQUIRED_FILES.txt,3481,47415851710AB7F7B4545FD981643068365B6F80D4FA1A8B91FC504CDD6D3908
RESOURCE_LIMITS.md,6331,7326B59BE8DD8DF270714DBDC977511EADB50A24C8E31B8D667E30006F4B3898
REVIEW_FIXES.md,7607,67A4F3F6F29B3B344B855C9E068CD8FE1A46A01D0B325DE600A432727B6CA743
scripts/build_runtime.py,4011,C405A229C1F3FA8338D100CF04CC9368691854C29A48DBC047E9F9D22ABC7439
scripts/extract_r3_backend_overlay.py,1599,DF8D19DE6FFA8C83BF8047BB8D8A9A8BFE7F0604D464046FAFAAD503DA3BCFB1
scripts/finalize_package.py,1047,2D8A5944C5EBF6863A47D40EDBE959A990B9907C3B13F590EAC2619AB70F231F
scripts/linux_disposable_cycle.sh,19006,E85AF2779CC66CAE462BBD1D1D76D0862B92282F92051DC46D19936C0DCAA535
scripts/linux_install_journal.py,1735,E1381629F6BEC4324650AE393E104600FBB9DF9F0B24E206BC7C626A90BFD243
scripts/linux_network_login_smoke.py,4606,A4664F30DFDEA904CC719ACD3EA5A927F6C1199A7CDBA747A0D5612DE7050491
scripts/linux_redis_metrics.py,2674,B4203118350BA570A38968C3F8D4C0699CC5BD676933C96071BE8491D1F4861F
scripts/linux_zero_residue_scan.sh,4043,384406368080567F48B6F37FBA098060EFFFE0E2BA9C53AB2A2B661603316EFB
scripts/package_self_check.py,3670,9F31EB1D626E3EA6161282D19A1820CF87BEAEA0E38F74EA81287EFD28E0ABD7
scripts/seal_evidence.sh,1281,4DC8B8BE3E3216508D888E80B5C8F4ED7DAA482574E92F9E6A570340081045B2
scripts/sse_qa_ctl.py,55364,67F826926C77209DE38FC15EC10901C95205DDC5B86CFFA6A422F2FFBDEAE021
scripts/summarize_event_loop_lag.py,2702,2FFB63F22937EDEDF42A31E8D67D9CA3D460B2AEFA1ADC72DD48AA1D61DA6BDC
scripts/verify_archive.py,2023,910B17025F5B8A49B78C53F3676A993186A0F8EE7C612D271C881980BF61D57B
secrets/secrets.example.json,525,79B1A6A0568F11FE29AC06C6DCF4630970712E60BD7A6D0C95F9CD64DC00DD80
source/r3-backend-overlay.sha256,89,DDD7F3195FC78480BEE39398880475BA34C915E225E862A0263C040259D0F24F
source/r3-backend-overlay.zip,492727,676FFC21E40AB62EF63D2C9223F97AEB005B2F256DF003718A28688376E84C1C
source/R3_SOURCE_PROVENANCE.md,723,876E83EB15FA34606CABEBAA6152400E4C8C83B50C1DA8F522DE97B4C2565211
tests/test_disposable_workflow_contract.py,5419,B3CFBCC0B24B0C03305EDEF724F6E9D365A6A9B18272801FBA87B01C8733051C
tests/test_disposable_workflow_r2_contract.py,7454,4D6160979A290EBC5022121A3F8BC620564849B9F1A0F41DA5A0C202FA052627
tests/test_package_contract.py,38325,F29CEB72835A704505F809D054CB1EE5D7F97D1914E9790CA72645C17EAD4445
tests/test_seed_business_smoke.py,2642,F4BA1B6E52A7945265010FBEE626610004BDDB154E23D3143286E4DED4699A3A
tests/test_shutdown_contract.py,11354,47B2859D5264E0640FFB4B198B93D8EEB199FD1FB92C2019C6837347861A753E
